accession_id,obs_unit_id,CL,DTF1,DTF2,DTF3,Diameter,Length,RBN,RL
88,21533,8.0,43.66666667,48.0,50.5,14.5,51.33333333,0.333333333,30.0
108,21534,7.25,42.0,49.0,52.25,16.33333333,48.33333333,4.333333333,33.0
159,21535,7.0,46.75,50.75,56.75,13.5,43.5,4.5,43.5
350,21536,8.75,41.75,45.5,51.5,8.5,41.66666667,4.333333333,28.0
351,21537,12.5,55.0,59.0,65.33333333,15.0,29.5,2.0,37.5
403,21538,7.5,44.5,49.25,54.25,15.0,43.0,3.0,35.5
410,21539,9.0,55.0,59.25,65.25,17.66666667,46.66666667,7.666666667,40.5
424,21540,10.75,57.75,62.75,68.25,15.66666667,41.66666667,3.333333333,44.5
428,21541,8.666666667,49.33333333,53.33333333,59.0,18.0,47.66666667,4.0,33.66666667
430,21542,5.25,43.75,50.0,55.0,17.66666667,44.33333333,5.0,36.0
630,21543,11.5,47.0,52.75,58.75,15.0,40.0,4.0,41.0
763,21544,3.0,28.75,34.0,39.0,8.0,39.66666667,3.0,12.0
765,21545,2.0,29.66666667,36.33333333,36.66666667,13.0,29.0,4.0,10.0
766,21546,3.25,29.5,36.25,41.75,12.0,17.0,4.0,14.75
768,21547,10.5,67.0,71.25,78.25,12.0,39.0,5.0,28.0
772,21548,3.75,33.25,38.5,43.5,14.0,41.0,5.333333333,15.0
801,21549,16.75,74.75,77.5,88.25,11.0,43.66666667,1.333333333,61.0
915,21550,6.25,32.25,37.75,43.5,17.66666667,38.33333333,3.666666667,20.0
991,21551,29.75,86.75,91.25,106.75,14.0,39.66666667,3.0,80.25
992,21552,16.25,86.25,91.75,100.0,14.0,25.0,6.0,78.0
1002,21553,13.0,79.75,84.75,86.25,18.0,50.0,0.0,77.75
1061,21554,24.5,81.75,86.5,94.75,16.0,45.66666667,3.0,55.66666667
1254,21555,12.0,93.0,98.0,106.0,14.0,46.0,5.0,42.0
1552,21556,14.0,102.3333333,108.3333333,115.3333333,16.0,20.0,3.0,96.0
1829,21557,9.333333333,97.0,102.6666667,99.0,16.5,41.5,2.0,62.0
1853,21558,9.666666667,57.66666667,62.33333333,69.33333333,15.33333333,44.66666667,6.0,43.33333333
1890,21559,10.0,64.75,69.0,75.75,14.0,45.0,4.0,45.25
1925,21560,12.0,78.0,82.5,89.5,15.33333333,43.66666667,0.333333333,46.0
1954,21561,13.5,81.75,89.25,101.0,17.0,48.0,10.0,50.25
2016,21562,10.0,60.25,64.0,69.75,12.0,54.5,0.0,47.75
2171,21563,15.5,72.0,78.0,82.5,16.5,46.0,0.0,54.25
2202,21564,12.5,84.75,89.25,96.5,14.0,16.0,0.0,62.25
2276,21565,13.5,75.0,79.5,84.25,20.33333333,44.66666667,1.0,59.5
2278,21566,8.666666667,81.75,86.0,85.0,16.0,51.0,0.0,31.0
4779,21567,5.5,39.25,45.0,50.25,,30.5,0.5,23.5
4807,21568,15.33333333,77.25,81.75,87.5,10.0,48.66666667,2.333333333,62.75
4826,21569,8.333333333,42.0,46.66666667,51.0,17.0,41.0,1.333333333,34.33333333
4884,21570,10.33333333,39.5,44.25,49.5,12.5,42.66666667,5.0,32.25
4900,21571,7.75,39.75,46.5,50.25,13.0,40.5,2.0,34.5
4958,21572,12.5,93.0,97.75,100.25,17.5,47.66666667,2.0,80.33333333
5023,21573,7.25,32.5,38.75,43.75,16.66666667,46.33333333,2.333333333,23.25
5104,21574,2.5,32.0,38.5,40.75,8.333333333,43.33333333,2.0,14.5
5165,21575,15.5,72.75,77.25,81.75,16.33333333,58.0,5.0,54.0
5210,21576,12.66666667,67.75,73.0,78.0,16.0,48.0,6.333333333,52.5
5236,21577,5.75,34.25,40.75,43.5,18.66666667,47.33333333,1.666666667,22.25
5253,21578,2.75,28.5,33.75,38.0,15.0,52.0,0.0,13.25
5276,21579,8.0,41.25,47.25,49.75,15.5,29.0,0.0,26.25
5349,21580,15.66666667,79.66666667,85.33333333,97.33333333,20.0,43.0,4.333333333,54.66666667
5353,21581,9.5,53.0,59.0,62.5,10.66666667,41.33333333,5.666666667,44.25
5486,21582,3.5,27.5,35.5,37.5,14.0,38.0,0.0,15.0
5644,21583,5.5,33.5,40.5,46.25,16.0,48.33333333,4.0,20.5
5720,21584,8.666666667,52.0,56.33333333,63.33333333,15.66666667,47.66666667,0.333333333,36.33333333
5726,21585,7.25,37.5,44.75,48.0,18.33333333,43.33333333,4.0,30.25
5741,21586,14.25,80.0,85.25,88.5,13.33333333,41.33333333,3.333333333,61.5
5748,21587,5.25,31.0,36.5,41.75,,42.0,8.0,16.5
5757,21588,13.0,54.66666667,58.33333333,66.66666667,20.66666667,45.66666667,4.0,33.33333333
5772,21589,8.0,37.5,43.25,49.0,18.33333333,62.0,6.666666667,28.75
5779,21590,19.25,54.5,59.25,67.0,16.0,44.66666667,12.0,39.25
5784,21591,13.25,56.0,60.25,69.25,14.0,43.33333333,7.333333333,39.75
5800,21592,4.0,29.33333333,34.66666667,39.0,13.66666667,45.0,3.333333333,13.33333333
5811,21593,7.0,36.0,42.25,46.0,18.5,39.5,0.666666667,24.5
5822,21594,5.0,101.5,107.0,111.0,14.0,49.0,5.0,
5831,21595,12.5,86.0,91.0,93.0,14.0,42.0,5.666666667,59.25
5832,21596,12.0,74.0,78.33333333,87.33333333,14.0,47.0,5.0,49.0
5856,21597,,,,,14.0,49.0,5.0,
5865,21598,10.5,88.33333333,95.0,101.0,13.5,49.0,3.5,55.5
5874,21599,10.66666667,60.25,64.75,69.25,18.0,50.0,5.0,46.75
5890,21600,9.75,45.25,49.75,55.25,16.33333333,35.5,4.666666667,33.0
5907,21601,9.25,39.0,42.5,48.5,12.0,35.33333333,5.666666667,37.0
5921,21602,9.25,45.75,50.0,55.75,13.0,27.0,6.0,44.25
5950,21603,15.25,52.25,58.0,65.5,11.0,47.0,0.0,57.5
5984,21604,5.25,31.5,37.0,41.75,15.0,41.0,6.333333333,21.75
5993,21605,10.5,53.0,55.5,64.75,16.0,30.0,4.0,49.0
6008,21606,7.25,31.25,38.5,43.0,16.66666667,31.33333333,2.0,23.25
6036,21607,12.66666667,75.0,80.25,86.33333333,15.5,39.0,4.5,53.66666667
6038,21608,13.5,63.0,68.0,77.25,,45.5,5.5,61.25
6039,21609,7.0,46.0,50.0,62.0,15.5,42.5,0.5,29.0
6040,21610,18.5,70.0,74.66666667,82.5,16.0,37.5,1.5,58.5
6042,21611,4.25,32.75,39.75,43.0,16.5,30.5,4.0,15.5
6043,21612,26.0,117.6666667,124.0,130.6666667,9.0,43.0,4.5,
6085,21613,,112.5,127.0,128.0,15.0,40.0,0.0,
6086,21614,13.33333333,87.75,94.25,100.75,14.0,40.0,2.0,50.0
6088,21615,,110.0,116.0,128.0,13.0,39.5,1.0,
6104,21616,26.66666667,92.75,97.25,109.5,8.0,46.0,0.0,63.66666667
6105,21617,14.0,79.33333333,83.66666667,87.66666667,9.0,48.5,0.0,75.0
6109,21618,23.0,90.0,95.33333333,99.0,21.0,44.0,0.0,80.0
6111,21619,16.33333333,81.33333333,85.0,93.66666667,22.0,51.0,0.5,61.33333333
6113,21620,,,,,16.0,29.0,0.0,
6114,21621,15.0,80.0,86.0,92.0,14.5,32.5,2.5,67.0
6115,21622,12.66666667,65.5,70.5,74.75,15.0,32.0,0.0,48.0
6122,21623,19.75,80.0,85.0,90.0,16.0,37.0,3.5,73.25
6140,21624,19.0,91.0,95.5,103.25,18.0,27.0,0.0,74.5
6142,21625,22.0,92.25,98.25,107.5,16.0,41.0,0.0,59.0
6151,21626,9.666666667,91.0,101.3333333,103.3333333,14.0,42.66666667,3.333333333,65.33333333
6172,21627,12.0,76.0,107.0,114.0,6.0,46.0,3.0,
6184,21628,13.5,95.0,101.5,103.6666667,14.0,41.0,2.0,66.66666667
6188,21629,9.0,40.5,46.5,53.5,13.0,46.5,5.0,33.0
6189,21630,10.5,46.0,52.33333333,56.66666667,,45.0,2.0,30.33333333
6191,21631,11.5,46.0,50.0,58.5,17.0,50.0,6.0,38.25
6192,21632,10.75,51.5,55.66666667,63.0,17.33333333,41.0,3.333333333,33.25
6193,21633,9.5,42.25,48.75,54.5,12.0,45.66666667,7.666666667,27.75
6194,21634,20.5,76.75,81.25,91.5,17.0,43.5,0.0,49.75
6198,21635,9.5,81.0,86.0,92.5,15.0,45.0,3.0,43.5
6201,21636,15.0,92.5,99.25,103.0,14.0,43.0,3.0,63.25
6243,21637,6.25,34.75,40.0,43.75,17.0,45.0,3.0,27.5
6244,21638,11.0,98.75,104.5,108.25,17.5,45.5,5.5,83.0
6252,21639,,127.0,137.0,,18.0,50.0,5.5,
6296,21640,7.666666667,37.25,43.5,47.0,13.66666667,43.66666667,7.333333333,26.25
6390,21641,8.666666667,52.0,55.66666667,61.33333333,9.5,46.66666667,9.0,36.0
6396,21642,14.5,58.75,55.0,70.75,8.0,38.0,7.0,30.75
6424,21643,6.75,41.5,46.25,53.0,,38.0,4.0,32.5
6434,21644,4.666666667,29.5,38.0,40.0,10.0,40.66666667,1.333333333,14.5
6445,21645,6.5,37.25,44.0,50.0,12.0,49.0,4.5,24.75
6680,21646,16.0,81.33333333,86.0,92.33333333,12.5,44.0,6.0,72.66666667
6744,21647,8.666666667,35.75,40.75,47.25,18.0,45.0,7.666666667,22.5
6900,21648,11.0,110.5,119.0,121.5,15.0,37.0,0.0,82.0
6909,21649,4.0,28.0,34.5,38.0,13.0,36.0,4.0,16.0
6963,21650,6.75,53.5,57.75,64.25,16.5,45.0,7.0,31.25
6967,21651,5.25,30.75,36.0,42.0,8.0,43.66666667,3.666666667,17.75
6970,21652,7.5,40.0,44.5,50.25,16.66666667,48.66666667,7.333333333,34.75
6974,21653,19.0,110.0,115.75,125.25,16.0,50.0,5.0,
6975,21654,7.5,37.75,41.75,47.25,16.33333333,46.0,6.666666667,25.25
6981,21655,6.0,32.0,37.5,43.0,17.5,49.5,6.0,14.5
6982,21656,3.5,35.25,42.0,44.0,18.66666667,41.66666667,2.333333333,19.25
6984,21657,6.75,37.75,42.25,47.75,17.0,42.66666667,8.0,27.5
6986,21658,5.75,33.75,40.0,43.75,17.33333333,39.33333333,7.0,24.25
6987,21659,8.0,35.5,40.25,47.75,10.0,37.33333333,4.666666667,21.5
6989,21660,6.5,51.25,54.75,61.0,13.66666667,39.5,4.333333333,34.5
6990,21661,11.0,48.75,54.75,60.25,21.0,50.33333333,6.333333333,41.5
6992,21662,6.75,42.0,48.0,54.25,10.0,38.0,3.0,27.25
6997,21663,8.75,43.0,48.5,56.0,12.33333333,40.33333333,4.0,42.0
7000,21664,13.0,41.25,46.25,54.0,12.33333333,34.66666667,1.333333333,36.25
7002,21665,7.75,50.0,54.0,59.0,17.0,47.0,2.0,48.5
7003,21666,7.333333333,38.5,45.0,51.0,17.5,47.66666667,6.0,31.25
7008,21667,14.0,70.5,75.25,95.0,14.5,34.5,4.0,57.5
7013,21668,5.5,28.0,35.5,38.75,15.66666667,53.33333333,4.333333333,16.75
7014,21669,11.66666667,69.33333333,74.0,74.0,14.0,55.0,6.0,60.33333333
7025,21670,8.5,45.75,50.75,52.66666667,15.0,41.0,2.0,40.0
7026,21671,6.0,34.75,41.0,45.5,16.0,45.0,6.666666667,25.0
7028,21672,5.25,26.66666667,34.25,40.25,10.33333333,41.0,5.333333333,19.5
7031,21673,7.5,36.25,40.75,47.25,12.33333333,43.66666667,4.333333333,20.25
7036,21674,8.25,38.5,44.5,50.5,14.5,49.66666667,5.666666667,25.5
7058,21675,9.25,54.25,58.25,66.0,12.66666667,42.0,4.333333333,34.5
7061,21676,8.5,53.75,57.75,64.0,11.66666667,49.66666667,7.333333333,36.0
7062,21677,4.0,28.5,33.25,38.25,16.0,46.0,6.666666667,16.75
7063,21678,10.66666667,39.33333333,43.66666667,51.0,13.0,44.66666667,2.666666667,32.33333333
7064,21679,5.5,54.0,59.33333333,66.66666667,15.5,50.0,6.0,43.66666667
7067,21680,7.0,31.0,37.25,42.25,10.0,40.0,6.0,20.25
7068,21681,9.25,45.5,51.5,56.0,14.66666667,33.33333333,3.333333333,39.25
7071,21682,4.5,35.75,40.75,45.0,18.5,50.66666667,7.666666667,26.75
7072,21683,7.5,52.75,57.0,62.0,14.0,60.0,2.666666667,49.5
7077,21684,5.666666667,32.66666667,37.66666667,44.33333333,,48.0,8.0,22.0
7092,21685,7.5,47.0,51.5,54.25,14.66666667,43.0,4.666666667,50.5
7094,21686,5.5,32.75,37.5,43.25,14.33333333,31.0,6.333333333,16.0
7096,21687,5.5,28.5,36.0,40.25,17.5,46.5,3.5,17.25
7102,21688,12.5,57.5,61.0,71.0,15.33333333,39.0,2.0,59.0
7106,21689,5.5,34.0,40.25,44.5,14.0,48.66666667,3.333333333,19.5
7107,21690,7.75,40.5,45.75,50.75,,41.0,1.0,28.75
7109,21691,5.25,34.25,42.0,45.75,17.5,42.0,3.666666667,24.25
7117,21692,4.0,26.0,31.25,36.5,18.0,52.0,6.0,13.75
7119,21693,7.25,31.25,36.25,41.0,12.0,36.0,4.5,20.0
7120,21694,6.25,31.0,37.0,42.75,15.33333333,50.66666667,6.0,19.75
7125,21695,6.25,32.75,39.75,42.75,13.0,39.33333333,2.666666667,24.0
7126,21696,17.75,76.25,82.75,97.25,11.0,54.0,2.0,54.66666667
7127,21697,5.25,36.25,41.75,45.5,14.0,40.0,6.5,26.75
7130,21698,14.75,62.75,69.5,78.25,13.5,43.5,3.0,57.75
7133,21699,6.25,30.75,39.0,46.25,16.0,50.0,4.333333333,19.25
7138,21700,7.0,60.5,66.5,68.5,20.0,51.0,7.0,45.0
7143,21701,6.5,31.0,38.25,44.5,14.66666667,45.33333333,3.333333333,20.0
7147,21702,8.666666667,39.0,45.33333333,52.66666667,13.33333333,39.66666667,4.666666667,31.66666667
7158,21703,7.25,37.75,42.5,47.75,14.33333333,44.0,5.666666667,33.0
7160,21704,8.25,57.0,59.75,66.5,16.0,51.33333333,5.0,44.75
7161,21705,5.0,29.0,35.33333333,39.33333333,16.0,48.66666667,6.333333333,15.66666667
7162,21706,7.25,32.5,36.5,42.75,12.5,50.0,6.5,17.5
7163,21707,5.0,30.5,38.0,44.0,14.66666667,46.0,5.0,19.5
7164,21708,7.0,52.5,56.5,59.25,13.5,46.0,4.666666667,40.75
7165,21709,6.5,33.0,37.75,43.5,15.33333333,56.66666667,5.333333333,21.25
7169,21710,19.75,65.5,72.75,78.25,14.66666667,33.0,2.666666667,51.75
7177,21711,5.75,33.75,40.25,45.25,11.66666667,35.33333333,5.333333333,17.75
7181,21712,13.66666667,65.0,70.0,97.0,17.5,42.5,6.0,50.66666667
7186,21713,9.5,37.5,42.0,49.75,14.0,47.0,4.0,30.75
7192,21714,7.25,29.5,35.25,42.0,17.5,46.0,11.5,18.5
7199,21715,3.25,27.0,33.5,37.0,20.33333333,63.66666667,7.333333333,14.5
7202,21716,4.0,27.75,35.0,40.75,13.5,51.0,5.666666667,15.25
7203,21717,7.25,33.25,39.25,44.5,11.0,48.66666667,5.666666667,26.5
7207,21718,6.25,40.0,45.5,49.75,19.33333333,47.66666667,6.333333333,25.25
7208,21719,7.0,34.75,40.75,46.0,15.0,37.0,5.0,25.25
7209,21720,5.25,33.75,41.5,45.25,12.66666667,48.0,2.0,17.25
7213,21721,4.0,28.25,38.75,40.0,16.0,37.0,2.0,11.25
7217,21722,5.25,26.25,32.25,38.0,9.666666667,42.0,3.0,15.25
7218,21723,11.33333333,38.75,42.75,51.25,15.66666667,43.33333333,4.666666667,44.0
7223,21724,7.25,42.0,51.5,54.75,17.0,55.0,4.333333333,31.5
7231,21725,5.333333333,34.33333333,39.33333333,45.33333333,9.0,29.66666667,4.333333333,17.0
7236,21726,8.25,37.75,41.75,47.5,11.66666667,31.66666667,0.0,32.5
7244,21727,8.25,34.0,39.5,46.0,15.0,47.66666667,5.333333333,23.5
7248,21728,9.666666667,54.33333333,57.66666667,66.66666667,13.5,49.0,5.25,43.33333333
7250,21729,3.75,26.5,33.75,37.75,13.0,51.5,7.5,11.0
7258,21730,7.25,33.0,39.0,43.5,15.0,48.0,7.0,23.0
7268,21731,5.333333333,31.75,39.5,43.66666667,15.0,34.0,0.0,17.33333333
7273,21732,5.75,31.0,37.0,43.66666667,19.0,54.0,8.0,18.0
7276,21733,8.0,38.0,42.5,49.25,16.0,43.0,7.0,22.25
7280,21734,8.0,36.5,41.5,46.5,6.0,39.5,1.5,30.25
7282,21735,4.75,28.5,34.0,37.5,17.66666667,47.0,3.333333333,17.75
7287,21736,7.666666667,35.25,41.0,48.25,13.0,45.0,5.333333333,28.25
7288,21737,13.0,57.75,62.0,70.25,16.5,54.5,4.0,43.25
7296,21738,7.75,51.5,55.5,62.5,18.0,48.5,4.5,25.0
7298,21739,8.0,42.5,48.5,53.25,16.33333333,51.66666667,4.0,36.75
7305,21740,8.5,38.25,42.25,51.5,16.33333333,41.33333333,2.0,23.75
7306,21741,5.333333333,36.75,43.5,49.75,24.0,47.33333333,5.666666667,24.5
7307,21742,14.0,61.0,66.0,72.33333333,12.0,39.33333333,5.333333333,45.0
7314,21743,5.5,30.25,36.5,42.25,10.0,45.66666667,2.666666667,15.5
7316,21744,15.0,77.0,83.5,89.25,19.0,57.66666667,6.666666667,51.33333333
7319,21745,11.5,41.5,46.75,52.75,19.5,44.0,7.333333333,35.5
7320,21746,8.5,63.75,69.0,74.5,11.0,44.0,4.0,36.75
7322,21747,13.25,42.75,47.25,51.75,15.0,43.33333333,1.5,40.0
7328,21748,6.75,40.0,44.75,51.33333333,14.0,39.66666667,1.333333333,32.75
7333,21749,5.0,29.0,35.5,39.75,17.0,46.5,3.5,17.25
7337,21750,7.5,34.5,37.75,47.5,18.66666667,51.0,6.0,27.75
7342,21751,10.5,56.25,61.5,65.0,13.0,38.5,1.0,50.0
7343,21752,10.75,39.5,43.0,51.25,13.5,45.66666667,2.666666667,36.5
7344,21753,7.0,36.66666667,42.0,47.66666667,20.66666667,38.66666667,0.0,26.66666667
7346,21754,8.333333333,49.33333333,52.0,58.66666667,10.5,42.5,4.0,35.0
7347,21755,7.0,39.0,43.25,47.0,11.66666667,41.0,3.0,34.5
7349,21756,6.666666667,41.5,47.0,52.75,13.0,40.33333333,5.5,35.75
7350,21757,7.0,39.33333333,44.66666667,52.0,15.0,44.5,6.5,35.0
7353,21758,8.5,62.25,68.75,70.5,16.0,29.5,9.0,53.0
7354,21759,16.0,96.0,100.0,108.3333333,17.0,12.5,3.5,71.0
7356,21760,10.66666667,53.33333333,57.33333333,64.33333333,19.33333333,35.0,2.0,44.75
7372,21761,10.0,36.5,49.25,54.5,16.0,45.66666667,3.666666667,32.5
7373,21762,9.5,43.0,46.75,54.75,23.5,49.66666667,5.666666667,36.75
7377,21763,9.5,49.0,53.0,59.75,16.66666667,49.33333333,4.666666667,35.5
7378,21764,10.0,42.75,46.5,52.0,16.0,49.33333333,6.333333333,42.25
7382,21765,5.25,28.5,34.25,40.0,8.0,39.66666667,2.666666667,17.25
7383,21766,5.5,27.0,36.0,38.0,11.33333333,46.33333333,6.333333333,14.75
7387,21767,3.25,31.75,36.75,41.25,20.0,45.66666667,0.0,13.0
7394,21768,3.5,28.75,37.75,41.75,9.666666667,40.66666667,4.0,13.0
7396,21769,10.5,57.0,45.25,51.5,21.33333333,52.66666667,8.0,42.25
7404,21770,6.666666667,31.75,52.25,41.33333333,9.333333333,36.0,3.666666667,17.5
7411,21771,7.5,43.5,46.0,54.0,22.0,57.0,8.5,31.0
7413,21772,5.75,36.0,42.25,48.0,19.5,47.66666667,2.0,30.5
7415,21773,6.0,34.5,40.75,45.25,18.0,59.0,3.666666667,27.25
7416,21774,11.33333333,65.33333333,69.66666667,78.66666667,12.0,39.0,4.5,56.33333333
7418,21775,8.75,36.25,40.25,46.25,12.0,46.66666667,6.0,20.25
7419,21776,5.75,32.75,38.75,43.25,14.0,32.0,8.0,20.5
7424,21777,2.5,25.0,31.0,35.5,15.66666667,44.66666667,5.0,12.5
7427,21778,11.33333333,81.25,87.5,91.5,17.5,31.5,3.0,49.0
7460,21779,4.25,30.0,34.5,37.0,15.0,41.0,7.0,17.5
7471,21780,3.0,24.75,29.75,34.0,10.0,43.33333333,6.666666667,9.5
7477,21781,11.0,38.25,43.75,52.25,13.66666667,44.33333333,3.666666667,28.25
7516,21782,20.0,108.0,117.6666667,117.0,14.0,52.0,5.0,69.5
7717,21783,11.66666667,67.0,71.0,76.25,,48.0,,48.25
7917,21784,17.75,55.0,62.0,68.75,16.0,38.0,6.0,56.25
7947,21785,9.0,72.0,76.75,81.5,19.33333333,42.66666667,5.0,62.5
8077,21786,7.25,46.75,51.75,57.75,17.5,32.5,4.0,43.5
8132,21787,9.0,51.66666667,56.66666667,67.33333333,15.0,38.5,1.5,41.33333333
8222,21788,11.5,84.25,88.25,93.25,17.0,27.0,0.0,49.5
8233,21789,9.0,59.75,63.25,69.25,15.33333333,33.0,5.0,49.0
8235,21790,10.5,58.25,62.0,68.75,15.0,37.5,9.5,50.75
8236,21791,7.333333333,53.66666667,58.33333333,64.66666667,15.0,51.33333333,2.666666667,41.66666667
8238,21792,9.75,42.25,48.0,52.25,17.0,46.0,0.0,35.25
8239,21793,6.25,30.5,37.5,42.5,18.0,43.0,4.0,19.5
8241,21794,15.5,52.75,57.5,66.25,17.0,26.0,0.0,48.0
8242,21795,17.0,121.6666667,131.0,132.0,20.0,31.0,0.0,
8243,21796,13.5,54.5,58.0,68.25,13.0,42.66666667,4.5,57.0
8244,21797,13.0,46.75,52.5,58.5,17.66666667,45.33333333,5.0,43.5
8246,21798,12.33333333,65.0,70.0,76.5,15.0,28.33333333,8.333333333,55.75
8247,21799,18.0,76.5,80.75,94.66666667,17.5,41.5,0.0,63.0
8258,21800,,,,,16.0,48.0,5.0,
8259,21801,12.0,55.5,59.5,65.5,18.5,50.0,7.0,41.5
8283,21802,11.0,76.66666667,81.0,82.66666667,20.0,44.0,0.0,48.33333333
8284,21803,17.0,60.5,64.75,76.0,15.0,39.5,7.333333333,49.25
8285,21804,6.0,42.0,46.66666667,51.66666667,14.0,39.66666667,3.0,32.33333333
8290,21805,8.0,31.5,39.0,44.25,12.0,40.0,4.5,22.25
8297,21806,12.25,71.0,75.25,79.0,14.0,42.0,8.0,60.0
8306,21807,13.66666667,83.66666667,88.0,95.0,20.0,45.0,3.0,52.66666667
8307,21808,12.25,48.0,52.5,64.25,17.0,41.0,5.0,34.25
8311,21809,10.25,48.0,52.25,59.25,16.66666667,43.33333333,4.333333333,42.0
8312,21810,6.75,42.75,48.0,52.0,14.66666667,43.33333333,4.666666667,26.5
8326,21811,10.75,49.5,55.5,58.0,14.5,28.0,7.5,49.25
8334,21812,6.25,43.0,51.25,54.0,18.0,33.0,0.0,27.5
8335,21813,18.75,80.5,85.0,92.25,16.0,37.33333333,2.5,73.0
8337,21814,14.33333333,62.0,66.75,72.5,19.5,52.0,6.0,52.25
8343,21815,11.5,50.25,55.0,59.75,9.0,50.33333333,2.0,44.5
8351,21816,10.5,89.25,96.5,97.5,17.5,13.5,11.0,67.25
8354,21817,8.666666667,47.5,53.75,58.75,20.0,34.0,,41.5
8357,21818,11.0,46.0,49.0,55.5,14.5,43.0,1.5,40.5
8365,21819,6.5,28.5,35.25,39.5,12.0,52.0,5.0,20.5
8366,21820,6.75,33.0,39.25,62.75,21.0,51.0,4.0,18.75
8386,21821,7.75,40.5,44.5,49.0,15.0,41.0,0.0,33.5
8387,21822,8.333333333,40.66666667,44.66666667,48.33333333,14.0,38.0,4.0,33.33333333
8419,21823,9.25,43.5,49.0,58.75,14.5,36.66666667,5.0,37.5
8420,21824,12.0,36.5,40.75,47.5,19.5,54.5,10.5,25.25
8422,21825,23.5,96.0,101.0,116.25,13.0,43.33333333,5.0,61.0
8424,21826,9.0,69.75,74.75,80.0,15.0,30.0,3.666666667,40.75
8426,21827,3.75,29.75,35.75,40.25,8.0,40.5,2.0,13.75
9057,21828,12.5,56.75,61.25,67.5,14.0,51.0,7.0,36.0
9058,21829,12.0,121.25,129.3333333,123.0,14.33333333,53.0,8.0,
9067,21830,12.0,106.6666667,111.6666667,130.0,15.0,42.0,2.0,
9070,21831,11.0,79.25,83.75,88.5,19.0,28.33333333,2.5,49.33333333
9075,21832,8.25,90.25,95.75,98.25,12.5,13.0,2.5,65.0
9078,21833,10.66666667,95.75,101.25,104.25,10.0,33.0,4.0,63.25
9095,21834,11.5,105.0,109.3333333,113.3333333,15.0,43.0,2.0,64.33333333
9102,21835,11.25,67.25,72.25,80.75,14.0,29.0,0.0,59.0
9104,21836,8.75,47.75,51.0,60.0,,44.0,5.0,36.75
9105,21837,11.5,62.75,67.25,78.75,15.5,42.5,1.0,40.0
9106,21838,11.0,75.75,81.0,87.5,14.0,35.0,2.0,39.5
9111,21839,9.5,77.25,82.0,89.25,8.0,47.33333333,5.0,57.5
9113,21840,7.333333333,61.25,69.25,70.25,8.5,34.66666667,4.666666667,45.0
9114,21841,10.5,89.5,93.0,100.5,8.0,27.0,7.0,65.0
9115,21842,13.75,72.5,76.75,71.75,13.0,37.0,,58.0
9128,21843,7.0,51.66666667,57.0,61.0,13.0,38.0,0.0,36.33333333
9131,21844,7.0,54.0,57.25,63.5,8.0,26.0,0.5,34.25
9133,21845,6.75,57.25,61.25,68.0,14.5,42.0,1.5,40.25
9134,21846,7.666666667,52.0,57.66666667,64.5,15.33333333,47.5,3.0,33.66666667
9298,21847,7.0,34.75,41.75,45.5,14.5,50.0,5.5,26.5
9312,21848,10.0,47.5,51.0,57.5,15.5,48.0,3.0,34.25
9314,21849,8.666666667,51.5,56.75,60.0,16.0,45.66666667,1.5,42.5
9321,21850,,122.3333333,128.3333333,140.0,14.0,40.5,13.0,
9332,21851,,115.0,121.0,129.0,17.0,47.0,,
9336,21852,5.75,57.5,63.75,66.75,17.0,38.0,0.0,48.5
9339,21853,10.33333333,104.3333333,105.5,116.5,,28.0,0.0,
9343,21854,11.75,79.75,83.75,88.0,13.0,25.0,2.0,69.25
9363,21855,,,,,14.5,37.5,2.0,
9381,21856,,137.0,143.0,,18.0,42.0,0.0,
9382,21857,11.0,103.0,109.0,110.6666667,18.33333333,41.0,4.0,60.0
9383,21858,13.66666667,92.0,97.66666667,103.0,14.0,39.5,0.0,74.66666667
9386,21859,8.0,96.25,101.25,107.75,15.0,53.0,5.0,65.5
9391,21860,9.5,55.25,58.0,64.5,19.0,51.0,6.0,44.25
9392,21861,9.25,46.0,51.75,59.0,18.0,41.0,6.0,39.75
9394,21862,14.66666667,99.75,104.25,110.5,17.33333333,43.33333333,4.666666667,77.33333333
9395,21863,24.75,97.0,101.75,118.25,17.0,38.5,4.0,63.66666667
9405,21864,21.0,86.0,90.25,95.5,14.5,29.0,0.0,57.66666667
9409,21865,18.0,115.0,120.5,119.25,17.0,40.0,11.0,
9413,21866,8.5,63.33333333,68.66666667,75.0,16.0,48.0,1.0,32.0
9416,21867,15.0,110.0,116.0,129.0,15.0,43.0,2.0,
9421,21868,16.75,89.5,94.25,103.0,,41.0,3.0,65.25
9436,21869,12.5,63.0,67.75,77.5,15.0,46.0,1.0,32.0
9437,21870,15.0,78.25,83.5,90.0,13.5,41.0,0.0,52.5
9442,21871,14.0,99.25,104.25,113.25,12.0,36.0,4.0,64.0
9450,21872,10.0,70.5,75.5,78.5,18.0,38.0,1.0,56.25
9452,21873,16.75,90.5,95.5,103.0,21.0,29.0,0.0,68.0
9476,21874,12.0,106.3333333,114.6666667,126.3333333,14.0,48.33333333,4.333333333,55.0
9503,21875,7.25,43.75,49.25,53.5,15.66666667,41.66666667,6.666666667,29.75
9506,21876,12.0,57.75,61.25,69.0,12.0,34.0,5.0,47.25
9507,21877,8.666666667,37.5,41.0,46.66666667,14.0,47.0,2.0,25.33333333
9508,21878,8.666666667,48.75,53.5,60.66666667,12.0,26.0,2.5,45.0
9509,21879,8.75,49.25,52.25,59.0,22.0,50.0,3.0,39.5
9511,21880,9.5,45.75,50.0,55.0,15.5,45.5,7.5,34.75
9512,21881,5.5,30.25,34.5,40.25,14.5,44.0,6.666666667,15.0
9515,21882,7.25,40.25,45.0,51.25,14.0,50.5,5.0,27.0
9517,21883,4.0,25.5,29.5,35.75,21.0,51.0,3.0,9.75
9518,21884,16.66666667,73.75,78.5,87.5,18.0,41.0,5.5,54.66666667
9519,21885,9.5,57.0,61.0,64.5,13.0,46.5,8.0,42.5
9521,21886,9.0,59.25,62.5,68.0,18.5,46.0,6.5,36.75
9523,21887,13.75,70.5,75.25,84.66666667,22.5,35.5,6.0,49.75
9524,21888,14.66666667,87.0,91.33333333,99.66666667,15.0,47.5,6.5,76.0
9526,21889,10.5,44.75,49.5,56.33333333,21.0,45.0,6.0,40.5
9527,21890,14.25,67.0,72.5,76.5,14.0,50.5,2.5,55.0
9528,21891,9.0,70.0,74.5,89.5,17.33333333,41.66666667,8.5,41.0
9529,21892,6.75,55.0,58.75,63.0,17.0,35.5,1.5,43.25
9530,21893,8.0,100.5,105.5,123.0,17.0,34.0,7.0,55.0
9531,21894,14.0,81.25,85.25,92.0,17.0,33.0,9.0,52.75
9535,21895,16.0,78.0,82.5,89.0,17.66666667,44.66666667,6.0,69.0
9536,21896,15.33333333,90.0,95.0,103.0,16.5,56.0,7.5,54.0
9539,21897,11.25,76.25,80.75,91.25,12.0,42.5,2.0,38.25
9542,21898,14.0,91.75,96.75,107.25,22.0,25.0,7.5,50.25
9543,21899,9.666666667,81.0,86.0,89.66666667,18.5,31.0,9.0,42.33333333
9545,21900,7.0,96.66666667,101.0,101.0,20.33333333,50.0,11.0,35.0
9546,21901,,,,,,48.0,9.5,
9548,21902,,131.5,132.0,,18.0,40.0,6.0,
9549,21903,13.0,82.0,86.5,106.6666667,16.0,45.5,10.0,36.0
9555,21904,7.333333333,88.0,92.75,100.0,24.0,48.0,6.0,54.0
9556,21905,6.0,53.5,61.66666667,65.0,,49.5,8.5,34.25
9557,21906,,99.0,104.0,112.0,12.0,17.0,2.0,
9558,21907,11.66666667,105.0,110.75,114.6666667,14.0,20.0,5.0,75.0
9560,21908,9.25,42.75,47.75,53.75,14.0,51.0,9.0,33.5
9561,21909,9.0,104.0,110.0,92.0,19.5,52.0,3.0,50.0
9562,21910,12.75,67.75,74.0,83.5,21.0,52.5,5.5,37.75
9564,21911,,,,,19.0,39.0,0.0,
9567,21912,10.0,88.5,95.0,103.5,18.0,29.5,6.666666667,71.0
9573,21913,7.666666667,51.66666667,55.0,60.0,11.0,39.66666667,6.333333333,41.0
9576,21914,16.5,101.0,108.0,106.5,13.66666667,41.66666667,4.666666667,52.0
9581,21915,10.0,108.5,112.0,118.5,17.5,31.5,2.0,
9582,21916,11.0,81.75,86.0,93.75,17.5,36.5,3.5,57.25
9585,21917,2.5,23.5,26.5,32.0,23.0,30.0,0.0,7.5
9586,21918,,104.0,112.0,,18.0,47.0,6.5,
9590,21919,4.5,25.25,30.0,50.5,19.0,53.0,4.0,12.5
9591,21920,5.5,32.5,39.25,46.0,14.0,35.0,1.0,19.25
9593,21921,16.0,87.75,92.0,109.0,16.5,56.5,1.5,65.66666667
9597,21922,7.0,51.0,55.0,60.66666667,20.33333333,40.0,3.0,41.66666667
9598,21923,5.0,80.0,84.33333333,91.0,18.0,38.33333333,7.333333333,42.0
9599,21924,14.0,79.66666667,81.75,90.25,17.0,28.5,7.0,53.33333333
9600,21925,8.0,45.0,59.0,73.0,8.0,42.0,4.0,16.0
9602,21926,10.66666667,62.0,66.75,75.33333333,,29.0,4.0,47.25
9606,21927,4.0,30.5,35.0,41.0,16.33333333,44.0,4.666666667,15.5
9608,21928,8.75,35.5,40.25,45.25,13.0,38.0,0.0,19.5
9609,21929,6.75,39.75,45.25,51.0,,28.0,2.5,21.5
9610,21930,14.0,57.5,62.0,69.5,19.0,46.33333333,6.666666667,30.75
9611,21931,8.75,63.5,67.5,68.0,12.0,39.33333333,6.0,39.5
9613,21932,16.5,62.66666667,67.66666667,71.66666667,15.0,41.33333333,3.333333333,47.0
9615,21933,8.75,75.25,79.5,86.0,16.66666667,52.33333333,7.0,34.0
9616,21934,11.66666667,95.75,102.25,110.75,11.0,47.0,0.0,43.5
9617,21935,10.5,54.75,57.5,66.0,16.66666667,38.0,2.0,35.75
9619,21936,6.5,71.0,77.0,83.0,11.0,45.33333333,3.0,42.5
9620,21937,9.0,60.75,64.5,74.33333333,12.0,42.0,1.0,43.25
9621,21938,9.75,72.5,76.75,90.5,18.0,45.0,0.0,39.5
9622,21939,9.0,70.66666667,74.66666667,81.66666667,15.5,58.0,4.0,43.0
9624,21940,7.666666667,68.33333333,61.66666667,74.33333333,,60.0,4.0,33.33333333
9625,21941,8.5,90.5,95.0,101.5,6.0,30.5,2.0,41.0
9628,21942,7.0,56.0,60.0,69.25,12.5,57.0,3.666666667,31.5
9630,21943,6.75,67.25,72.0,79.5,15.0,49.66666667,3.666666667,32.0
9631,21944,26.0,125.5,128.5,140.0,10.0,60.5,4.0,
9632,21945,8.0,79.0,83.33333333,90.33333333,9.0,49.0,3.5,43.33333333
9636,21946,14.0,103.6666667,112.3333333,141.0,12.0,42.0,5.666666667,
9637,21947,6.75,67.25,71.75,82.5,10.0,36.0,0.0,28.5
9639,21948,5.75,64.0,68.5,73.25,8.0,43.5,0.0,35.5
9640,21949,8.5,70.0,75.0,80.75,13.0,66.0,5.0,45.0
9641,21950,7.0,74.33333333,81.0,87.66666667,13.0,51.66666667,5.0,41.0
9642,21951,10.0,74.25,79.0,86.0,18.0,45.5,0.0,41.75
9644,21952,14.75,56.5,64.5,69.0,13.0,45.0,0.0,48.5
9645,21953,11.0,57.25,62.75,66.25,16.5,21.5,0.0,61.25
9646,21954,11.5,40.75,46.25,55.25,12.66666667,45.66666667,6.333333333,40.75
9647,21955,7.0,47.0,50.5,55.0,17.66666667,38.66666667,0.0,27.0
9648,21956,10.5,52.5,55.5,61.0,18.0,34.0,11.0,37.5
9649,21957,10.75,57.5,62.0,67.25,21.66666667,45.33333333,8.666666667,40.5
9651,21958,9.333333333,39.66666667,43.66666667,49.66666667,17.0,60.33333333,2.666666667,32.33333333
9653,21959,7.25,43.25,47.0,52.5,23.0,48.5,7.5,22.25
9655,21960,14.0,61.0,64.33333333,71.66666667,18.33333333,43.66666667,1.333333333,40.0
9656,21961,13.66666667,75.66666667,80.66666667,89.0,15.33333333,40.0,2.333333333,42.33333333
9657,21962,6.5,38.33333333,42.5,48.0,14.5,43.5,10.0,25.0
9659,21963,12.0,56.0,59.66666667,66.66666667,,47.0,11.0,49.0
9660,21964,4.5,31.0,35.75,40.0,17.5,44.66666667,1.333333333,19.0
9661,21965,5.333333333,33.0,35.66666667,42.0,13.0,49.5,1.0,19.33333333
9663,21966,14.33333333,61.33333333,64.66666667,69.33333333,13.0,50.5,7.0,48.33333333
9664,21967,15.5,98.0,103.0,109.6666667,14.0,43.5,2.5,
9666,21968,15.0,101.25,107.0,112.0,14.0,28.5,2.5,53.0
9667,21969,22.5,90.0,94.5,107.0,15.0,52.0,6.0,61.0
9670,21970,13.5,101.5,105.75,112.5,15.0,50.0,3.0,41.0
9672,21971,16.5,78.5,83.0,90.5,8.0,48.0,2.0,47.0
9673,21972,13.0,89.66666667,93.66666667,99.66666667,14.0,42.0,7.0,44.33333333
9676,21973,11.66666667,78.66666667,84.33333333,89.0,13.0,38.33333333,2.0,63.66666667
9680,21974,8.333333333,49.0,55.66666667,59.33333333,14.0,51.5,5.5,36.33333333
9681,21975,12.25,84.5,89.25,92.25,15.0,29.5,5.0,68.0
9682,21976,13.25,63.25,69.25,74.75,16.0,43.0,2.666666667,50.0
9683,21977,11.25,62.75,68.5,71.75,13.0,40.0,4.0,45.75
9684,21978,17.33333333,76.0,81.5,89.5,18.0,41.5,2.5,55.0
9685,21979,18.25,76.75,82.0,89.75,16.0,32.0,0.0,59.0
9686,21980,16.0,73.75,78.5,88.0,20.0,28.5,0.5,61.75
9687,21981,14.25,74.0,79.25,83.33333333,16.0,37.0,0.0,59.33333333
9689,21982,12.0,65.5,74.33333333,83.0,17.0,52.0,0.0,53.66666667
9690,21983,9.333333333,70.66666667,75.0,81.66666667,18.5,49.5,1.0,58.0
9691,21984,10.25,60.5,65.75,72.75,16.0,38.0,0.0,50.0
9693,21985,9.5,64.0,70.0,75.0,16.0,40.0,1.666666667,58.0
9694,21986,14.25,62.75,69.75,74.25,20.5,42.0,0.5,41.25
9695,21987,13.66666667,74.0,79.25,84.5,15.0,53.5,2.0,46.66666667
9696,21988,13.25,68.25,72.5,76.75,13.0,32.0,0.0,53.75
9697,21989,12.66666667,52.66666667,55.66666667,63.0,12.0,36.0,2.0,47.33333333
9698,21990,11.33333333,62.0,68.25,74.5,14.33333333,44.33333333,4.333333333,50.0
9699,21991,8.333333333,54.33333333,58.0,63.66666667,17.0,41.33333333,1.333333333,48.66666667
9700,21992,7.75,69.75,74.5,81.0,20.0,29.0,2.0,45.75
9701,21993,13.33333333,70.33333333,75.0,82.0,14.0,31.5,1.0,48.0
9704,21994,7.666666667,58.66666667,63.33333333,70.33333333,15.66666667,36.33333333,3.666666667,55.0
9705,21995,9.5,57.75,61.5,67.0,10.33333333,43.33333333,8.666666667,51.0
9706,21996,13.33333333,68.25,76.0,78.66666667,18.5,44.0,0.0,49.75
9707,21997,14.25,59.75,64.0,72.75,12.0,38.33333333,1.666666667,58.0
9709,21998,11.75,63.0,69.0,73.5,12.5,23.5,2.5,56.25
9711,21999,11.75,71.5,75.75,82.5,19.0,40.0,0.0,46.0
9712,22000,12.0,68.75,73.5,78.0,12.5,45.0,0.0,51.0
9714,22001,10.0,60.5,67.5,82.33333333,13.0,45.5,1.0,52.75
9716,22002,10.0,122.6666667,116.0,122.0,18.0,50.0,5.0,
9717,22003,11.66666667,88.25,94.25,93.33333333,12.5,33.5,1.0,41.0
9720,22004,15.66666667,90.25,96.25,104.0,15.0,8.0,9.5,73.5
9721,22005,18.75,67.75,73.0,78.0,15.0,35.0,5.0,47.25
9723,22006,10.0,56.0,60.66666667,68.5,19.66666667,38.33333333,1.333333333,39.33333333
9725,22007,7.0,46.0,49.5,56.5,12.0,28.0,4.0,41.0
9726,22008,8.333333333,47.25,52.25,56.5,13.66666667,38.0,2.0,34.0
9727,22009,6.25,34.25,37.5,43.5,18.0,46.66666667,7.666666667,22.5
9728,22010,13.5,67.25,71.75,77.75,20.0,30.66666667,5.0,54.0
9729,22011,20.0,90.66666667,95.0,79.0,15.0,51.5,5.0,58.0
9730,22012,14.25,84.5,89.0,97.0,15.0,47.0,5.0,51.0
9731,22013,16.75,67.25,71.25,66.0,12.0,47.0,6.0,52.5
9735,22014,16.5,62.0,65.5,74.0,,51.0,5.0,49.5
9736,22015,8.333333333,70.0,74.75,81.0,17.0,28.0,0.0,51.66666667
9737,22016,9.0,54.66666667,59.0,63.66666667,,17.0,1.0,51.66666667
9738,22017,12.5,64.75,68.5,73.75,,46.0,4.0,52.0
9739,22018,5.333333333,60.75,64.25,68.5,,47.0,,45.75
9741,22019,11.5,63.0,67.25,71.5,12.0,47.5,0.0,54.25
9743,22020,13.0,64.66666667,70.0,75.0,13.0,64.0,3.0,54.75
9744,22021,10.33333333,51.33333333,56.0,63.33333333,14.0,55.33333333,0.0,40.33333333
9745,22022,5.25,65.5,70.75,76.0,13.5,46.5,5.5,39.25
9747,22023,13.0,80.5,87.66666667,94.66666667,17.0,41.33333333,0.333333333,70.0
9748,22024,12.0,74.25,79.25,86.25,14.33333333,42.0,2.0,50.33333333
9754,22025,,,,,19.0,34.0,5.0,
9757,22026,12.0,88.0,94.5,93.0,14.0,34.0,0.0,57.0
9758,22027,7.333333333,61.66666667,66.0,73.0,15.0,58.5,3.5,26.0
9759,22028,9.0,50.0,52.5,58.5,18.0,45.0,4.5,36.5
9761,22029,6.0,51.0,54.75,58.0,15.33333333,51.33333333,9.333333333,48.5
9762,22030,12.25,56.5,60.25,72.75,16.33333333,47.0,3.333333333,40.5
9764,22031,5.5,53.25,58.5,62.75,20.0,38.66666667,0.0,43.5
9766,22032,3.0,30.5,35.0,39.5,18.66666667,43.66666667,0.0,13.0
9768,22033,10.33333333,40.0,44.33333333,54.66666667,15.33333333,48.0,8.666666667,26.33333333
9769,22034,7.333333333,35.25,39.25,44.66666667,12.0,41.0,8.0,23.25
9770,22035,8.333333333,33.5,39.25,44.75,11.0,43.66666667,4.333333333,23.0
9771,22036,6.25,32.75,38.75,44.25,10.5,45.33333333,1.666666667,23.5
9772,22037,5.5,30.5,36.5,40.75,19.0,50.33333333,6.333333333,20.0
9774,22038,7.0,32.25,37.0,43.0,17.0,49.5,2.666666667,20.5
9775,22039,7.0,34.25,41.25,44.25,8.666666667,42.33333333,2.333333333,26.5
9776,22040,6.0,30.25,36.5,57.5,18.66666667,49.66666667,6.666666667,18.0
9777,22041,6.25,32.5,39.25,43.5,15.0,46.0,,19.25
9778,22042,6.0,40.0,45.5,49.25,11.5,36.5,2.0,37.0
9779,22043,7.0,34.66666667,39.0,44.66666667,17.33333333,48.0,6.0,26.66666667
9780,22044,7.25,34.25,39.75,45.75,20.66666667,48.0,7.333333333,23.5
9781,22045,4.666666667,32.66666667,38.33333333,41.66666667,20.0,40.5,6.0,22.33333333
9782,22046,4.75,33.75,40.0,44.5,9.5,45.0,4.666666667,21.5
9783,22047,10.0,56.66666667,59.66666667,66.33333333,18.5,45.5,5.5,46.33333333
9784,22048,7.0,32.25,39.0,43.5,17.66666667,42.66666667,6.333333333,23.5
9785,22049,8.0,34.5,39.75,45.25,18.0,41.5,4.5,27.5
9786,22050,5.25,29.5,35.5,40.25,15.66666667,46.0,4.666666667,17.25
9787,22051,6.666666667,39.33333333,44.33333333,49.33333333,15.66666667,52.33333333,5.333333333,26.0
9788,22052,7.0,29.0,34.33333333,38.33333333,19.0,58.0,5.0,19.66666667
9789,22053,6.25,30.75,37.75,42.25,16.0,44.5,8.5,21.25
9790,22054,6.0,32.0,38.0,41.75,15.0,45.5,8.5,18.75
9791,22055,8.333333333,30.0,35.0,38.33333333,20.33333333,49.33333333,6.666666667,15.66666667
9792,22056,6.0,31.25,38.0,42.75,17.0,49.0,6.666666667,19.5
9793,22057,8.666666667,30.66666667,36.33333333,63.33333333,16.0,42.5,7.0,15.66666667
9794,22058,6.5,33.75,39.75,44.5,17.33333333,51.66666667,5.0,20.5
9795,22059,5.0,29.25,34.5,38.25,8.0,52.0,5.5,14.75
9796,22060,6.0,36.5,43.5,46.0,18.0,50.33333333,8.666666667,25.5
9797,22061,4.75,35.0,41.5,46.5,17.66666667,34.66666667,6.0,24.5
9798,22062,5.0,32.33333333,38.33333333,44.66666667,11.33333333,39.66666667,6.0,20.33333333
9799,22063,7.5,40.25,45.0,50.5,14.66666667,36.66666667,5.666666667,28.0
9800,22064,4.75,32.25,39.75,42.5,15.0,41.0,5.0,20.5
9801,22065,3.666666667,25.66666667,32.0,36.33333333,14.0,45.66666667,5.666666667,13.0
9802,22066,6.0,31.0,38.0,42.75,20.33333333,42.0,5.0,20.5
9803,22067,5.0,29.75,37.0,41.25,9.0,56.0,5.0,19.5
9804,22068,7.0,33.75,39.25,45.75,21.66666667,47.66666667,8.0,24.5
9805,22069,9.5,41.25,45.5,53.0,19.0,48.33333333,7.666666667,23.25
9806,22070,4.5,48.5,38.0,43.0,21.0,43.66666667,10.0,16.5
9807,22071,6.0,32.75,39.0,43.0,15.5,45.33333333,4.333333333,21.25
9808,22072,12.5,41.5,46.0,53.0,18.0,38.66666667,6.666666667,32.75
9809,22073,7.666666667,40.75,47.25,51.25,16.5,51.0,7.0,32.0
9810,22074,8.75,29.5,34.25,42.25,17.0,48.0,1.0,18.0
9811,22075,6.0,32.5,39.5,45.0,13.0,31.33333333,3.5,24.25
9812,22076,8.0,35.75,40.75,45.75,15.0,53.33333333,6.666666667,23.0
9813,22077,7.0,34.25,39.5,45.5,17.33333333,41.33333333,7.333333333,22.75
9814,22078,4.333333333,34.33333333,41.66666667,48.33333333,14.33333333,39.66666667,6.0,19.33333333
9815,22079,10.0,37.25,41.5,48.0,19.33333333,44.33333333,6.333333333,30.0
9816,22080,3.5,27.75,36.0,39.0,9.666666667,34.66666667,2.333333333,15.25
9819,22081,15.0,70.0,74.75,98.5,12.0,36.5,3.0,56.5
9821,22082,14.75,61.5,67.5,72.25,18.0,44.66666667,5.333333333,56.25
9822,22083,7.333333333,52.33333333,56.33333333,62.33333333,14.33333333,46.0,5.0,41.66666667
9823,22084,6.5,33.75,38.75,42.0,13.0,8.0,0.0,19.75
9824,22085,,130.6666667,137.0,143.0,,32.0,5.0,
9827,22086,8.25,51.5,56.0,60.0,19.5,40.5,6.0,49.5
9828,22087,13.75,68.25,74.25,78.75,19.33333333,34.0,4.333333333,57.75
9830,22088,4.0,44.25,50.25,51.25,15.0,27.0,0.0,34.75
9831,22089,7.0,78.0,82.75,88.25,12.0,35.5,9.0,45.33333333
9832,22090,15.5,76.66666667,82.66666667,90.33333333,19.66666667,45.33333333,7.0,43.33333333
9833,22091,11.0,57.0,60.66666667,65.66666667,21.0,51.0,5.0,50.33333333
9835,22092,11.0,62.5,66.75,69.75,17.0,38.33333333,7.666666667,38.5
9836,22093,6.0,117.0,123.5,128.5,17.5,37.33333333,6.666666667,
9837,22094,6.5,52.5,56.5,64.25,17.5,43.0,1.0,49.5
9839,22095,13.0,105.5,106.0,115.0,18.66666667,45.0,8.333333333,
9840,22096,17.5,104.5,110.0,120.5,8.0,30.5,0.0,
9843,22097,10.66666667,49.66666667,52.0,58.66666667,18.0,49.0,3.0,45.66666667
9844,22098,9.25,71.5,76.25,84.25,15.0,8.5,2.666666667,48.66666667
9845,22099,6.666666667,53.66666667,58.0,65.0,21.0,47.5,2.0,34.0
9846,22100,13.0,105.5,110.5,119.6666667,11.0,40.5,4.0,
9849,22101,18.0,82.66666667,86.66666667,99.66666667,19.0,51.0,6.0,43.0
9850,22102,8.0,68.66666667,76.66666667,83.0,21.0,38.0,0.0,54.33333333
9854,22103,6.0,29.66666667,36.66666667,40.66666667,8.0,32.0,6.0,19.0
9855,22104,9.333333333,53.33333333,56.66666667,61.66666667,8.0,42.5,5.0,42.66666667
9856,22105,12.33333333,51.5,55.75,63.5,15.0,50.5,4.5,35.25
9857,22106,11.0,56.5,62.0,66.5,17.0,30.0,2.333333333,39.0
9858,22107,11.5,109.5,115.0,123.5,19.0,44.0,7.0,
9859,22108,11.0,71.0,75.0,83.0,18.0,37.0,8.0,31.0
9861,22109,9.666666667,108.75,114.25,114.5,,43.0,3.0,67.0
9862,22110,12.75,41.75,46.25,53.75,19.33333333,47.0,2.333333333,32.75
9864,22111,7.25,42.5,46.25,57.25,16.0,37.66666667,8.0,30.25
9866,22112,15.0,101.0,106.5,118.0,15.0,37.0,5.0,55.0
9867,22113,12.0,90.75,96.25,101.6666667,17.66666667,42.66666667,6.0,79.66666667
9870,22114,9.0,98.66666667,103.3333333,111.0,15.66666667,28.33333333,12.0,65.0
9871,22115,10.0,105.75,110.75,117.6666667,16.0,44.66666667,12.0,
9875,22116,6.25,32.5,38.0,44.75,11.0,29.0,4.5,18.75
9876,22117,12.5,60.0,63.5,74.75,21.0,51.66666667,7.0,55.75
9877,22118,,81.5,,,16.5,32.0,9.5,
9878,22119,8.0,106.3333333,112.0,116.0,17.66666667,42.66666667,0.0,
9881,22120,10.0,66.5,74.5,78.5,16.5,45.66666667,7.0,53.75
9882,22121,9.0,58.33333333,63.33333333,70.33333333,11.0,41.0,,44.0
9883,22122,5.0,31.25,38.25,41.75,14.0,43.5,3.0,17.5
9885,22123,15.0,106.5,87.33333333,119.0,19.66666667,46.0,5.0,
9887,22124,17.25,80.5,85.0,90.75,19.0,43.0,7.333333333,52.25
9888,22125,11.33333333,78.25,82.0,96.66666667,16.0,48.33333333,5.0,64.0
9894,22126,8.666666667,64.66666667,70.66666667,76.66666667,8.0,53.0,10.0,51.33333333
9895,22127,10.0,59.0,63.0,71.0,21.0,46.0,12.0,46.0
9897,22128,12.0,69.25,74.25,81.5,18.0,48.0,5.0,53.5
9898,22129,26.0,82.75,88.0,97.25,13.0,47.0,5.0,67.5
9899,22130,8.25,48.0,52.5,58.0,20.0,29.5,2.0,41.5
9900,22131,6.75,40.5,45.0,50.0,18.0,31.0,0.0,23.0
9901,22132,20.0,86.75,92.75,102.5,15.0,30.5,,73.0
9902,22133,12.5,101.6666667,107.0,110.3333333,13.0,44.5,3.666666667,71.0
9908,22134,8.0,36.5,41.5,46.5,19.0,30.0,4.0,26.25
9909,22135,12.75,42.5,46.75,57.0,11.5,38.0,3.0,32.5
9910,22136,6.0,32.5,38.5,43.5,19.0,50.0,6.666666667,19.75
9911,22137,3.75,34.5,40.75,44.5,16.0,48.33333333,6.666666667,25.25
9912,22138,4.0,29.0,35.5,39.0,19.0,53.66666667,5.333333333,16.5
9914,22139,9.0,46.75,50.0,55.25,15.66666667,47.66666667,5.0,42.25
9915,22140,12.5,64.75,69.75,75.5,11.5,39.66666667,4.0,61.5
9917,22141,7.75,42.5,47.25,54.25,15.0,43.0,5.5,29.25
9918,22142,14.0,67.25,73.25,90.0,17.5,43.5,0.0,59.5
9920,22143,4.666666667,33.0,40.66666667,48.66666667,18.5,46.66666667,5.333333333,23.33333333
9921,22144,6.25,36.75,42.25,48.25,11.0,39.5,3.0,19.0
9924,22145,8.75,45.0,51.5,57.0,12.33333333,37.0,5.333333333,27.75
9925,22146,10.0,70.66666667,75.0,79.0,13.33333333,43.33333333,5.333333333,61.66666667
9926,22147,4.75,40.5,46.5,44.33333333,16.0,40.33333333,2.333333333,28.5
9927,22148,9.666666667,63.25,68.0,73.25,12.5,51.0,3.5,50.5
9929,22149,10.33333333,70.75,75.25,88.0,8.0,45.0,1.0,59.25
9930,22150,8.333333333,56.33333333,61.0,68.66666667,17.33333333,50.0,6.333333333,45.75
9932,22151,6.25,70.25,74.5,76.0,19.0,18.0,1.0,55.0
9933,22152,4.0,38.66666667,41.66666667,49.0,17.5,8.0,2.0,15.66666667
9935,22153,15.75,61.25,65.5,73.75,18.66666667,44.33333333,5.333333333,50.25
9937,22154,9.75,37.0,41.5,47.75,15.66666667,40.33333333,7.333333333,31.75
9938,22155,7.0,63.0,68.0,74.0,16.0,48.33333333,1.0,30.0
9939,22156,12.0,51.5,54.75,60.75,16.5,50.0,3.666666667,47.75
9941,22157,6.0,32.25,36.25,42.5,20.33333333,45.33333333,5.666666667,22.25
9943,22158,11.25,51.25,56.5,61.5,19.5,50.5,3.0,37.25
9944,22159,5.0,59.0,63.66666667,68.0,17.0,48.33333333,6.333333333,42.33333333
9945,22160,13.0,95.25,99.5,110.0,12.0,35.66666667,2.666666667,31.0
9947,22161,14.0,104.75,112.0,125.0,15.0,39.5,2.5,
9948,22162,,,,,15.33333333,43.66666667,6.0,
9950,22163,14.75,67.25,72.75,86.25,19.0,45.5,3.5,51.0
9952,22164,5.666666667,98.0,102.25,104.3333333,19.66666667,45.0,4.333333333,23.5
9953,22165,10.0,80.0,85.25,93.25,16.5,44.33333333,2.333333333,35.5
9958,22166,9.0,68.75,73.5,76.5,13.0,32.0,0.5,48.5
9959,22167,12.25,65.75,70.75,78.75,11.0,38.66666667,3.0,36.5
9960,22168,10.66666667,56.66666667,61.33333333,66.66666667,11.0,55.0,9.0,40.66666667
9962,22169,14.0,62.5,66.5,71.75,13.5,38.0,2.0,62.25
9963,22170,8.0,60.0,63.66666667,66.66666667,8.0,44.0,6.5,55.0
9964,22171,12.25,52.75,56.75,64.5,15.0,50.5,2.5,40.5
9965,22172,11.0,45.0,49.0,56.0,,40.0,0.0,34.66666667
9966,22173,12.75,70.5,75.5,80.0,16.5,58.0,1.0,64.0
9968,22174,18.0,45.75,49.25,57.75,16.0,35.0,5.0,43.25
9969,22175,17.66666667,59.25,64.0,69.25,18.0,40.33333333,0.0,42.25
9970,22176,9.75,71.5,76.25,81.75,15.0,65.0,1.0,67.75
9971,22177,11.25,52.5,55.75,61.0,10.33333333,41.66666667,4.666666667,56.75
9972,22178,9.5,50.75,54.25,58.75,21.66666667,51.33333333,1.0,51.0
9973,22179,,98.0,104.0,110.0,15.5,40.66666667,6.0,
9974,22180,15.66666667,83.75,88.25,93.5,15.0,50.0,4.0,48.33333333
9975,22181,10.66666667,74.0,78.0,82.33333333,14.5,45.0,4.0,58.0
9976,22182,9.0,63.5,66.33333333,72.5,13.33333333,37.66666667,7.0,51.25
9978,22183,10.0,86.0,90.5,94.5,15.0,56.0,3.0,44.0
9979,22184,14.66666667,57.33333333,62.0,68.5,14.5,51.0,1.0,44.33333333
9983,22185,9.0,48.5,52.75,58.5,19.0,36.5,0.0,35.0
9984,22186,11.33333333,47.33333333,51.0,56.0,19.33333333,44.66666667,0.333333333,44.33333333
9985,22187,12.0,53.75,58.0,63.5,19.33333333,44.0,7.0,39.25
9986,22188,18.0,85.25,102.0,86.0,16.0,32.0,0.0,
9987,22189,14.66666667,60.5,67.25,82.25,17.5,39.0,3.333333333,60.75
9988,22190,11.0,103.0,107.75,112.3333333,13.5,48.33333333,3.333333333,82.0
9990,22191,10.0,66.0,71.0,75.0,14.0,31.0,0.0,47.0
9991,22192,18.25,77.25,82.0,92.75,20.66666667,42.66666667,2.5,47.0
9995,22193,5.5,30.5,38.5,41.75,,42.0,2.0,21.75
9998,22194,5.25,35.75,39.5,46.25,16.33333333,41.33333333,6.333333333,24.75
9999,22195,8.0,42.5,46.75,54.25,13.33333333,52.66666667,7.0,30.0
10001,22196,7.75,38.5,45.25,49.5,17.0,37.0,5.0,30.25
10002,22197,4.25,32.0,36.5,42.5,18.0,45.0,6.0,15.75
10004,22198,16.66666667,66.66666667,72.0,79.0,13.0,43.0,5.0,41.33333333
10005,22199,13.75,58.75,62.25,67.25,13.5,24.5,5.0,52.5
10006,22200,18.5,118.5,123.0,131.5,7.0,35.0,5.333333333,
10008,22201,4.5,61.33333333,65.33333333,73.0,,50.0,0.0,42.0
10009,22202,7.0,67.0,71.5,77.75,14.5,51.0,0.5,44.75
10010,22203,10.0,64.75,70.0,75.25,16.0,42.0,,50.25
10011,22204,7.0,54.5,59.25,65.25,14.0,33.0,0.5,34.0
10012,22205,10.5,96.0,101.3333333,105.6666667,,44.0,1.0,58.0
10013,22206,10.75,90.25,95.0,100.0,16.0,58.0,4.333333333,51.5
10014,22207,14.5,112.0,117.0,132.0,,45.0,1.0,
10015,22208,5.75,41.0,46.0,51.25,15.33333333,48.33333333,3.666666667,23.5
10018,22209,10.66666667,73.66666667,78.33333333,81.33333333,17.0,51.0,5.0,47.66666667
10020,22210,9.0,38.75,42.0,48.0,17.33333333,44.33333333,0.333333333,34.25
10022,22211,5.0,34.75,39.25,45.25,21.0,38.0,11.0,26.0
10023,22212,17.75,79.25,87.75,90.0,13.0,47.0,9.0,59.66666667
139,22213,6.5,43.0,49.75,52.75,,,,37.5
265,22214,7.75,35.25,39.0,47.25,,,,22.0
870,22215,8.5,54.0,59.25,62.25,,,,40.75
932,22216,12.75,60.0,64.0,68.75,,,,52.25
997,22217,19.5,73.0,77.0,87.5,,,,64.5
1062,22218,17.0,57.5,61.5,68.25,,,,48.25
1063,22219,11.25,51.75,55.75,64.25,,,,38.5
1158,22220,17.0,70.5,76.25,88.0,,,,48.0
1257,22221,9.25,81.75,86.25,93.25,,,,50.33333333
1317,22222,12.0,88.0,92.33333333,102.0,,,,48.33333333
1872,22223,11.75,73.25,77.75,82.5,,,,55.5
2317,22224,9.0,41.75,47.0,53.5,,,,27.0
5151,22225,10.5,62.75,67.5,73.66666667,,,,54.75
5577,22226,6.25,40.75,46.75,51.0,,,,30.0
5768,22227,11.0,76.66666667,81.0,85.0,,,,42.66666667
5830,22228,10.33333333,65.33333333,70.0,75.33333333,,,,50.0
5837,22229,8.0,43.25,50.0,55.25,,,,33.75
5893,22230,10.5,55.5,59.75,64.25,,,,43.0
6009,22231,4.0,105.5,112.0,113.5,,,,69.0
6011,22232,10.5,102.0,106.5,112.5,,,,55.0
6012,22233,,113.6666667,120.5,125.0,,,,
6013,22234,5.0,85.0,90.0,93.0,,,,63.0
6016,22235,10.5,83.66666667,89.0,83.5,,,,62.0
6017,22236,11.0,96.0,101.0,104.0,,,,81.0
6019,22237,,95.0,102.3333333,,,,,
6020,22238,12.0,80.0,84.0,87.25,,,,60.0
6021,22239,16.0,72.25,77.0,87.0,,,,57.5
6023,22240,27.75,73.25,78.0,89.25,,,,60.25
6024,22241,25.0,98.5,103.75,116.0,,,,70.0
6025,22242,,137.0,143.0,,,,,
6030,22243,12.0,116.5,124.0,129.0,,,,
6034,22244,22.5,67.0,72.0,80.5,,,,51.0
6035,22245,11.5,61.0,66.25,73.75,,,,30.75
6041,22246,8.0,39.5,46.0,51.5,,,,25.5
6046,22247,26.0,116.0,121.3333333,117.0,,,,
6064,22248,9.0,124.6666667,130.0,129.5,,,,
6069,22249,,129.0,134.0,139.0,,,,
6070,22250,10.66666667,109.3333333,114.0,119.3333333,,,,
6071,22251,13.0,124.25,131.0,139.5,,,,
6073,22252,17.0,82.5,87.75,96.5,,,,48.0
6074,22253,7.25,81.25,89.33333333,85.75,,,,52.75
6076,22254,7.0,101.0,106.0,110.5,,,,61.0
6090,22255,17.5,94.5,100.0,105.0,,,,50.66666667
6092,22256,11.25,82.0,88.0,89.5,,,,54.66666667
6094,22257,18.0,99.0,104.75,92.66666667,,,,73.0
6097,22258,16.0,83.25,89.25,94.0,,,,46.25
6098,22259,15.25,93.5,102.75,105.0,,,,78.66666667
6099,22260,20.33333333,103.0,109.0,113.6666667,,,,53.0
6100,22261,22.0,86.66666667,92.0,108.3333333,,,,67.0
6102,22262,9.0,107.25,104.3333333,103.5,,,,
6106,22263,12.75,85.75,92.25,94.75,,,,72.0
6107,22264,11.75,97.5,102.0,105.25,,,,71.0
6108,22265,7.75,42.75,48.25,52.75,,,,43.25
6112,22266,13.5,65.5,69.75,76.75,,,,48.5
6118,22267,19.25,90.25,94.25,99.25,,,,74.25
6124,22268,22.5,90.66666667,95.0,106.0,,,,56.0
6125,22269,11.0,93.25,99.0,100.0,,,,65.0
6126,22270,17.33333333,77.66666667,82.33333333,89.0,,,,61.0
6128,22271,12.0,104.6666667,109.6666667,113.0,,,,71.0
6131,22272,,121.3333333,130.5,137.0,,,,
6132,22273,27.75,84.5,90.5,102.5,,,,73.0
6133,22274,22.25,81.75,87.25,91.75,,,,59.0
6134,22275,16.0,87.33333333,94.33333333,100.3333333,,,,62.5
6136,22276,17.0,74.75,79.25,84.5,,,,71.0
6137,22277,15.25,75.25,81.75,87.75,,,,73.5
6138,22278,19.75,77.25,82.0,90.75,,,,55.75
6145,22279,15.5,108.0,113.0,111.5,,,,78.0
6148,22280,15.66666667,93.0,98.0,105.6666667,,,,43.0
6149,22281,11.0,92.25,97.25,99.0,,,,62.0
6150,22282,21.66666667,87.66666667,92.33333333,101.6666667,,,,71.66666667
6153,22283,15.0,121.5,127.0,116.0,,,,
6169,22284,6.0,105.0,110.0,113.5,,,,
6173,22285,7.333333333,100.25,105.0,101.0,,,,38.0
6174,22286,9.0,115.5,122.5,128.0,,,,
6177,22287,22.75,81.5,86.5,105.5,,,,61.75
6180,22288,4.25,30.5,36.5,41.25,,,,14.75
6195,22289,9.25,46.75,52.25,59.0,,,,31.75
6202,22290,24.0,108.25,114.0,128.0,,,,
6203,22291,11.5,106.25,111.5,119.6666667,,,,65.0
6210,22292,11.5,112.0,117.5,125.0,,,,
6217,22293,10.0,112.0,117.0,127.0,,,,
6218,22294,,128.5,134.0,137.0,,,,
6220,22295,9.333333333,109.0,112.3333333,117.3333333,,,,
6221,22296,6.0,120.0,126.5,110.0,,,,63.0
6237,22297,17.5,95.66666667,101.0,109.0,,,,65.0
6238,22298,13.5,101.3333333,107.3333333,124.0,,,,60.0
6240,22299,10.0,113.0,118.0,125.6666667,,,,45.0
6241,22300,12.66666667,111.6666667,116.6666667,117.5,,,,
6242,22301,12.75,76.75,80.75,86.5,,,,45.33333333
6255,22302,,139.0,143.0,,,,,
6258,22303,16.5,110.6666667,116.6666667,126.6666667,,,,
6268,22304,20.0,107.0,97.66666667,128.6666667,,,,
6276,22305,,121.6666667,130.0,143.0,,,,
6284,22306,,123.3333333,129.3333333,131.5,,,,
6413,22307,27.25,72.75,78.75,95.0,,,,58.75
6901,22308,10.5,109.0,112.3333333,117.0,,,,74.0
6918,22309,,134.0,139.0,,,,,
6968,22310,10.66666667,82.66666667,87.0,91.33333333,,,,48.0
6973,22311,6.0,35.0,39.5,46.25,12.0,,3.0,17.5
6979,22312,5.0,24.75,29.5,36.0,,,,12.5
7103,22313,3.75,26.25,32.25,36.75,,,,14.0
7255,22314,5.333333333,39.33333333,44.66666667,47.33333333,,,,17.66666667
7332,22315,6.5,32.75,39.5,43.5,,,,22.25
7384,22316,12.5,57.25,62.25,65.75,,,,51.25
7430,22317,9.0,31.25,38.0,42.25,,,,21.0
7517,22318,20.0,104.5,110.75,113.75,,,,80.0
8230,22319,14.0,108.0,113.0,103.0,,,,
8231,22320,10.5,96.25,102.3333333,108.6666667,,,,61.5
8234,22321,12.66666667,85.5,90.25,92.75,,,,47.66666667
8237,22322,15.33333333,88.75,79.25,98.75,,,,76.33333333
8240,22323,20.66666667,68.66666667,73.66666667,83.0,,,,71.66666667
8249,22324,13.33333333,77.5,82.25,88.0,,,,62.66666667
8256,22325,7.75,34.75,40.5,45.25,,,,27.0
8264,22326,11.0,52.0,56.0,63.5,,,,30.5
8369,22327,35.0,72.25,77.5,94.66666667,,,,47.25
8376,22328,14.33333333,91.0,95.5,104.0,,,,64.33333333
9069,22329,14.25,79.25,83.0,90.75,,,,45.0
9079,22330,10.0,94.5,99.0,102.0,,,,47.5
9081,22331,10.5,91.33333333,95.66666667,99.66666667,,,,63.66666667
9084,22332,14.0,103.75,108.75,114.25,,,,73.0
9085,22333,16.0,90.25,95.5,101.0,,,,70.0
9089,22334,13.0,111.0,117.0,125.5,,,,
9091,22335,14.0,86.0,90.25,97.5,,,,44.5
9099,22336,11.0,106.6666667,108.0,112.6666667,,,,
9100,22337,11.0,58.5,65.75,74.0,,,,34.0
9103,22338,15.0,72.75,78.25,82.75,,,,62.75
9121,22339,13.75,89.0,94.0,102.0,,,,66.0
9125,22340,7.25,59.0,62.5,69.25,,,,31.0
9130,22341,8.5,51.0,54.75,63.25,,,,35.5
9323,22342,9.25,72.5,77.5,80.75,,,,50.25
9352,22343,20.0,119.25,122.6666667,134.3333333,,,,
9353,22344,22.0,111.5,112.0,134.0,,,,
9369,22345,21.0,57.25,61.25,71.25,,,,59.25
9371,22346,,133.0,140.0,145.0,,,,
9380,22347,20.0,84.75,90.25,98.25,,,,64.5
9388,22348,,124.0,128.0,137.0,,,,
9390,22349,7.5,45.25,49.75,55.0,,,,36.5
9399,22350,15.25,82.75,88.25,91.0,,,,74.0
9402,22351,8.25,68.5,74.75,78.75,,,,61.5
9404,22352,16.75,69.0,73.75,78.75,,,,51.25
9407,22353,13.5,66.5,71.5,75.0,,,,46.5
9408,22354,11.5,108.75,113.75,124.0,,,,54.0
9412,22355,7.666666667,53.33333333,57.66666667,64.0,,,,40.33333333
9427,22356,12.0,108.5,114.0,119.5,,,,
9433,22357,,125.0,131.0,137.0,,,,
9451,22358,15.66666667,103.75,110.75,113.6666667,,,,74.0
9453,22359,10.0,117.5,123.5,129.5,,,,
9454,22360,,130.0,135.5,138.0,,,,
9455,22361,9.0,94.0,99.5,102.75,,,,64.5
9470,22362,17.0,72.25,76.75,90.5,,,,65.66666667
9481,22363,14.0,109.0,113.6666667,121.0,,,,
9510,22364,9.0,44.75,48.75,55.75,,,,34.75
9513,22365,6.0,55.66666667,60.0,63.33333333,,,,35.33333333
9520,22366,11.0,108.5,114.75,120.5,17.5,,7.5,65.0
9522,22367,9.333333333,51.66666667,55.66666667,60.33333333,20.0,,7.0,31.0
9525,22368,10.5,67.25,71.75,81.25,,,,52.25
9532,22369,6.666666667,95.5,102.6666667,108.6666667,,,,51.0
9533,22370,8.0,71.25,74.66666667,79.0,,,,36.0
9534,22371,13.66666667,51.0,54.33333333,65.66666667,,,,38.33333333
9537,22372,11.33333333,40.0,44.25,56.0,,,,29.75
9540,22373,13.0,78.0,81.75,88.25,,,,50.75
9541,22374,9.0,53.0,57.0,61.5,,,,38.0
9544,22375,9.75,44.75,48.5,53.5,,,,32.0
9547,22376,12.0,59.75,64.5,70.0,,,,37.5
9550,22377,,107.5,116.5,132.0,,,,
9551,22378,18.0,107.0,112.0,123.0,,,,
9552,22379,,134.0,137.0,,,,,
9553,22380,11.0,109.5,121.5,106.0,,,,
9554,22381,10.0,88.25,92.75,104.25,,,,53.33333333
9559,22382,11.0,53.25,57.5,66.5,,,,35.33333333
9565,22383,11.33333333,61.5,66.75,72.33333333,,,,50.5
9568,22384,18.66666667,87.0,92.0,109.5,,,,55.66666667
9569,22385,11.5,87.0,92.25,96.5,,,,65.5
9571,22386,3.5,25.25,30.75,35.25,,,,12.25
9577,22387,14.0,90.33333333,115.0,123.5,,,,
9578,22388,15.75,46.25,54.0,59.25,,,,43.75
9579,22389,12.5,67.5,72.0,79.25,,,,54.0
9583,22390,10.75,82.25,87.25,89.5,,,,58.75
9584,22391,14.0,76.0,81.0,85.5,,,,61.75
9587,22392,9.5,94.25,93.66666667,101.75,,,,72.0
9588,22393,8.0,66.25,72.66666667,79.33333333,,,,48.5
9589,22394,10.33333333,70.25,72.0,77.33333333,,,,59.0
9592,22395,7.333333333,98.0,104.0,100.0,,,,69.0
9594,22396,11.0,105.25,103.6666667,110.6666667,,,,80.0
9595,22397,16.5,56.0,59.25,66.75,,,,41.5
9596,22398,9.25,51.0,54.5,61.0,,,,39.0
9601,22399,13.0,78.75,83.75,77.0,,,,65.0
9607,22400,10.5,99.0,104.3333333,107.6666667,,,,45.0
9612,22401,9.75,60.0,64.75,71.5,,,,35.0
9626,22402,7.5,59.0,63.25,70.25,,,,38.25
9627,22403,9.75,76.0,80.5,88.25,,,,45.0
9629,22404,6.75,64.5,69.25,74.66666667,,,,32.0
9633,22405,7.666666667,74.0,69.0,77.0,,,,36.33333333
9634,22406,9.5,84.5,89.5,98.0,,,,34.66666667
9635,22407,6.0,74.66666667,81.33333333,84.66666667,,,,53.33333333
9638,22408,11.0,71.0,75.0,87.66666667,,,,35.0
9643,22409,7.25,64.75,69.25,79.0,,,,38.25
9658,22410,10.75,56.5,60.75,66.5,,,,35.5
9665,22411,11.66666667,76.33333333,80.33333333,86.66666667,,,,40.0
9668,22412,10.0,69.5,74.25,79.5,,,,43.75
9669,22413,15.5,70.66666667,76.0,86.0,,,,51.5
9671,22414,13.33333333,81.33333333,86.0,95.0,10.0,,,44.0
9677,22415,10.5,100.0,105.6666667,110.5,,,,78.0
9678,22416,9.0,77.5,78.66666667,87.0,,,,46.5
9679,22417,11.75,69.25,74.5,79.75,,,,49.25
9692,22418,13.0,59.0,65.5,70.75,,,,56.0
9703,22419,17.0,56.5,59.75,69.75,,,,54.75
9708,22420,4.0,77.5,82.5,85.0,,,,34.0
9710,22421,12.75,76.75,81.0,83.25,,,,54.25
9713,22422,10.5,59.75,63.75,68.33333333,,,,50.5
9718,22423,12.0,62.66666667,68.33333333,79.0,,,,38.66666667
9719,22424,10.0,47.75,52.25,57.75,,,,41.0
9722,22425,13.0,84.66666667,90.66666667,108.0,,,,
9732,22426,14.75,77.75,83.0,88.25,,,,61.25
9733,22427,23.25,71.5,76.0,83.75,,,,48.5
9749,22428,11.0,54.0,58.25,63.75,,,,59.75
9755,22429,11.5,69.75,74.5,82.0,,,,58.25
9756,22430,11.66666667,63.0,68.66666667,73.0,,,,41.66666667
9817,22431,10.5,54.0,57.5,63.75,,,,33.25
9820,22432,6.75,47.5,53.25,55.75,,,,35.0
9825,22433,9.5,50.0,54.5,63.5,,,,41.5
9826,22434,12.5,63.0,67.5,73.0,,,,58.5
9834,22435,9.0,53.5,58.5,63.75,,,,50.0
9838,22436,9.0,54.66666667,58.66666667,67.0,,,,31.66666667
9841,22437,9.0,57.33333333,61.0,68.0,,,,45.33333333
9847,22438,6.0,35.25,39.25,45.0,,,,21.75
9848,22439,13.0,86.5,81.66666667,98.0,,,,51.66666667
9851,22440,,95.75,120.5,144.0,,,,
9852,22441,9.25,51.5,55.5,67.33333333,,,,33.0
9853,22442,5.0,25.33333333,29.0,35.5,,,,12.33333333
9860,22443,10.33333333,54.66666667,58.0,64.33333333,,,,50.33333333
9868,22444,11.0,54.66666667,58.33333333,68.66666667,,,,51.66666667
9869,22445,15.25,61.75,65.5,80.75,,,,36.25
9873,22446,9.333333333,44.66666667,49.0,55.66666667,,,,28.66666667
9874,22447,5.5,45.25,49.25,56.25,,,,34.0
9879,22448,6.5,48.25,51.5,59.5,,,,34.25
9880,22449,14.5,74.25,79.0,87.5,,,,56.0
9886,22450,7.75,46.5,51.25,57.0,,,,42.75
9890,22451,12.0,82.33333333,86.33333333,94.33333333,,,,55.66666667
9891,22452,5.0,77.0,83.5,,,,,75.0
9892,22453,9.0,75.25,79.5,84.5,,,,40.75
9903,22454,18.33333333,96.25,101.25,108.75,,,,66.33333333
9904,22455,11.0,102.5,108.0,114.6666667,,,,99.0
9905,22456,10.66666667,76.0,80.33333333,95.0,,,,47.33333333
9906,22457,11.0,68.0,73.33333333,80.0,,,,52.0
9928,22458,9.75,67.0,71.0,77.0,,,,56.25
9942,22459,14.33333333,99.0,103.6666667,110.6666667,,,,79.0
9946,22460,12.0,43.5,47.0,54.5,,,,30.25
9949,22461,10.0,49.5,55.5,61.5,,,,41.5
9951,22462,8.0,95.33333333,100.0,109.6666667,,,,28.0
9955,22463,7.75,63.75,69.25,73.0,,,,50.75
9956,22464,10.5,51.75,55.25,61.0,,,,33.5
9957,22465,14.0,75.5,80.5,85.0,,,,51.0
9980,22466,11.75,51.25,55.5,60.5,,,,43.0
9981,22467,12.75,44.25,47.0,55.5,,,,32.5
9982,22468,14.0,69.75,74.75,79.25,,,,44.25
9993,22469,15.0,104.3333333,109.0,119.6666667,,,,46.0
9996,22470,5.0,28.75,34.0,38.25,,,,15.5
9997,22471,11.0,40.75,44.75,51.5,,,,29.0
10017,22472,13.25,66.5,71.5,76.5,,,,49.25
6209,22473,,100.0,,107.0,,,,70.0
9514,22474,8.5,75.33333333,,83.33333333,,,,44.0
5867,22475,,89.0,,,,,,
8227,22476,,99.0,,,,,,
