accession_id,FT_0W,FT_2W,FT_4W,FT_8W
5837,44.7,28.0,23.5,20.2
6008,24.5,16.0,17.8,17.2
6009,,125.0,78.6,31.5
6016,125.0,78.2,,30.8
6040,125.0,72.4,,33.0
6042,27.3,17.6,,16.6
6043,125.0,125.0,125.0,
6046,,,,36.8
6064,125.0,125.0,71.9,26.9
6074,125.0,125.0,115.8,43.8
6243,31.4,21.6,,19.4
6709,37.4,24.8,,17.1
6897,72.5,49.0,,21.8
6898,22.9,15.2,20.8,16.8
6899,30.2,18.6,18.1,14.5
6900,,125.0,84.1,25.2
6901,,,78.0,31.8
6903,37.1,23.6,19.6,17.9
6904,76.2,41.0,24.5,17.1
6905,43.5,34.4,32.0,28.8
6906,44.0,23.2,18.1,13.5
6907,50.1,38.0,31.1,24.7
6908,49.6,27.0,25.1,17.7
6909,30.7,21.6,21.3,18.6
6910,29.5,18.8,19.9,16.1
6911,43.6,24.2,20.2,18.0
6913,125.0,125.0,102.4,
6914,125.0,60.0,37.6,28.3
6915,,,,22.4
6916,26.0,20.2,24.5,20.3
6917,125.0,125.0,110.3,32.6
6918,125.0,125.0,76.0,42.0
6919,42.3,25.6,21.5,17.6
6920,93.2,55.6,40.4,31.9
6922,27.4,20.6,21.7,18.7
6923,24.5,18.4,16.8,14.6
6924,,31.0,,
6927,,,,48.6
6928,70.6,53.0,47.5,33.0
6929,42.6,24.0,23.3,19.1
6930,23.6,19.4,17.0,13.3
6931,25.6,20.6,16.8,14.4
6932,27.8,22.2,21.2,18.7
6933,68.8,27.4,20.7,15.6
6936,48.2,28.6,24.6,20.0
6937,,29.4,27.6,22.8
6939,26.5,19.6,20.3,19.0
6940,29.4,18.8,21.7,18.2
6942,33.1,20.4,19.6,17.4
6943,28.4,19.8,23.1,15.5
6944,24.7,17.4,17.4,14.3
6946,,22.0,23.9,21.9
6951,39.9,24.4,20.4,34.5
6956,,,,19.2
6957,78.8,47.2,31.4,24.1
6958,28.2,19.4,19.7,16.2
6959,38.5,28.6,23.9,22.7
6960,23.1,16.4,15.0,14.6
6961,73.6,23.8,18.4,
6962,30.2,21.8,21.5,16.8
6963,44.7,29.0,21.9,17.3
6964,125.0,79.0,,34.7
6965,125.0,111.4,67.3,33.3
6966,50.7,27.8,22.9,18.6
6967,24.6,19.0,19.7,17.5
6968,125.0,98.2,43.4,25.0
6969,125.0,96.8,40.3,24.3
6970,77.0,26.4,21.3,18.8
6971,80.5,44.6,31.8,17.4
6972,32.8,26.4,25.4,24.0
6973,33.8,23.6,22.2,21.4
6974,125.0,125.0,104.0,58.5
6975,29.0,22.4,22.2,21.1
6976,55.9,32.2,25.6,22.1
6978,23.7,17.8,17.1,15.3
6979,30.9,14.2,17.0,17.8
6980,69.0,32.2,28.0,18.2
6981,,14.0,15.9,15.5
6982,32.9,25.4,27.5,25.2
6983,,,,42.2
6984,30.8,19.2,17.1,16.7
6985,40.6,25.0,20.5,16.5
6988,89.0,45.8,,18.3
7081,43.1,24.4,18.8,19.0
7296,33.7,24.8,,20.8
7323,44.7,25.8,,16.4
7438,66.1,35.4,25.9,20.7
7461,37.2,26.6,22.7,20.0
7515,98.9,96.3,78.5,60.0
7516,,125.0,85.2,37.1
7517,125.0,125.0,86.5,40.6
7519,75.8,45.6,32.6,24.9
7520,36.2,23.0,24.7,18.1
7521,48.9,26.4,22.5,18.9
7522,90.5,54.6,49.8,28.5
7523,86.7,45.8,42.0,24.2
7525,41.1,25.8,22.9,20.1
8213,31.6,17.0,20.0,18.2
8214,46.0,27.4,,19.1
8215,,22.8,20.4,17.9
8222,125.0,69.7,,25.4
8230,125.0,21.2,,18.5
8231,,116.4,63.8,27.1
8233,125.0,73.6,51.4,37.4
8235,55.4,33.8,25.6,18.2
8236,35.7,23.2,,18.9
8237,125.0,125.0,94.8,25.0
8239,31.6,22.4,22.6,21.0
8240,125.0,114.6,125.0,40.9
8241,55.3,33.4,,31.0
8242,,125.0,116.2,44.0
8243,87.4,36.2,29.3,19.6
8245,43.0,28.0,21.0,18.4
8247,125.0,77.0,,27.5
8249,49.8,89.8,125.0,20.5
8254,37.6,24.8,22.2,16.4
8256,33.0,22.6,,27.3
8258,41.5,28.2,,26.3
8259,38.5,27.0,,26.5
8264,,,,18.3
8265,26.5,20.6,20.0,
8270,38.9,25.6,22.2,19.1
8271,33.1,23.8,22.1,22.8
8274,,55.8,,24.2
8275,41.3,32.8,,25.8
8283,,,,25.4
8284,66.3,29.0,,21.2
8285,36.5,22.4,20.8,18.3
8290,26.7,22.4,21.8,16.1
8296,26.6,19.0,19.3,18.0
8297,,67.3,58.0,
8306,125.0,125.0,79.5,33.4
8310,26.4,18.0,16.0,15.8
8312,34.1,25.8,21.6,20.9
8313,27.9,20.2,18.4,18.2
8314,32.1,21.0,17.9,15.2
8323,37.9,26.0,20.8,20.7
8325,22.2,19.0,18.0,15.1
8326,,,,25.0
8329,27.0,19.2,17.8,15.4
8334,56.4,34.6,,22.1
8335,,,73.0,
8337,75.0,35.6,,17.8
8343,36.3,30.6,25.9,20.3
8351,,125.0,69.4,31.4
8353,25.3,15.6,15.4,14.2
8354,27.4,21.4,,18.2
8357,52.8,30.2,,18.2
8365,25.2,19.2,,18.9
8374,35.1,25.0,22.8,19.5
8376,,125.0,88.9,33.1
8378,31.9,25.2,,18.5
8388,35.2,24.6,,22.1
8389,32.6,23.8,,20.6
8395,31.9,24.4,,22.6
8411,25.8,21.5,21.4,19.6
8420,28.6,22.2,20.1,18.4
8424,74.0,43.8,30.9,28.6
8426,24.8,18.6,,17.9
8430,62.9,35.2,32.6,26.4
9057,46.9,33.2,,28.2
9058,,125.0,,28.5
